كود الطالب,الاسم,بريد الكتروني,الهاتف,نوع المتقدم,المدرسة الإعدادية,المحافظة,الكورس المسجل,المبلغ المدفوع (جنيه),حالة الدفع,تاريخ التسجيل
AO693683,"يزيد نصر محمد شاذلي ",01229779539@alimny.com,'01229779539,طالب,"",الوادي الجديد,"برنامج مسار المتفوقين والـ STEM (مستقل)",0,قيد الانتظار (Pending),٣٠‏/٦‏/٢٠٢٦
AO579391,"جني وائل عبد المنعم صفر",janasafer9@gmail.com,'٠١٥٥٨٨٤٩٠٦٨,طالب,"",المنوفية,"برنامج مسار المتفوقين والـ STEM (مستقل)",0,قيد الانتظار (Pending),٢٩‏/٦‏/٢٠٢٦
AO215059,"عبدالله محمود توفيق عبدالحميد ",mai_raof@yahoo.com,'01028162201,ولي أمر,"",المنوفية,"برنامج مسار المتفوقين والـ STEM (مستقل)",0,قيد الانتظار (Pending),١‏/٧‏/٢٠٢٦
AO160959,"فارس عبد الناصر احمد محمد رزق ",f25512520@gmail.com,'01272174755,طالب,"",الإسكندرية,"برنامج مسار المتفوقين والـ STEM (مستقل)",0,قيد الانتظار (Pending),١‏/٧‏/٢٠٢٦
AO652676,"مازن محمد شعبان الشرقاوي ",zezoelsharkawy77@gmail.com,'٠١٠٢٩٣٩٣٠٢٧,طالب,"",البحيرة,"برنامج مسار المتفوقين والـ STEM (مستقل)",0,قيد الانتظار (Pending),١‏/٧‏/٢٠٢٦
AO864793,"عبدالرحمن أحمد محمد ",01066296481@alimny.com,'01066296481,طالب,"",القاهرة,"برنامج مسار المتفوقين والـ STEM (مستقل)",0,قيد الانتظار (Pending),١‏/٧‏/٢٠٢٦
AO328949,"عبدالرحمن أحمد محمد ",01066296481@alimny.com,'01066296481,طالب,"",القاهرة,"برنامج مسار المتفوقين والـ STEM (مستقل)",0,قيد الانتظار (Pending),١‏/٧‏/٢٠٢٦
AO141509,"فارس عبد الناصر احمد محمد رزق ",f25512520@gmail.com,'01272174755,طالب,"",الإسكندرية,"برنامج مسار المتفوقين والـ STEM (مستقل)",0,قيد الانتظار (Pending),١‏/٧‏/٢٠٢٦
AO758018,"محمود عبدالكريم محمد كامل ",modo1120m@gmail.com,'01143565444,طالب,"",الدقهلية,"برنامج مسار المتفوقين والـ STEM (مستقل)",0,قيد الانتظار (Pending),١‏/٧‏/٢٠٢٦
